experimento,bst_ms,veb_ms
1,106.074,29.859
2,88.0366,25.2924
3,97.6529,24.1811
4,100.115,24.8373
5,93.2933,22.6815
PROMEDIO,97.0342,25.3703
STDDEV,6.10796,2.41174
